epoch,time,train/box_loss,train/cls_loss,train/dfl_loss,metrics/precision(B),metrics/recall(B),metrics/mAP50(B),metrics/mAP50-95(B),val/box_loss,val/cls_loss,val/dfl_loss,lr/pg0,lr/pg1,lr/pg2
1,42.5693,2.00481,2.25114,1.66119,0.39433,0.51717,0.37865,0.15694,2.03071,2.28304,1.70289,0.000331407,0.000331407,0.0671908
2,83.172,1.84357,1.79229,1.501,0.38912,0.53247,0.43769,0.18359,1.99898,1.76569,1.63066,0.000663726,0.000663726,0.0341897
3,123.229,1.84016,1.73508,1.47297,0.4228,0.5657,0.44693,0.1928,1.99321,1.77346,1.59069,0.000991991,0.000991991,0.00118467
4,163.679,1.80997,1.70795,1.46864,0.43527,0.54251,0.45633,0.19327,2.05916,1.69688,1.63791,0.000986323,0.000986323,0.000986323
