epoch,time,train/box_loss,train/cls_loss,train/dfl_loss,metrics/precision(B),metrics/recall(B),metrics/mAP50(B),metrics/mAP50-95(B),val/box_loss,val/cls_loss,val/dfl_loss,lr/pg0,lr/pg1,lr/pg2
1,105.175,1.97476,2.43737,1.75794,0.30779,0.48114,0.33534,0.14339,1.94104,3.08195,1.80161,0.000331407,0.000331407,0.0671908
2,178.301,1.83481,1.87529,1.65775,0.39772,0.50751,0.42203,0.18197,2.01032,1.8867,1.7927,0.000663726,0.000663726,0.0341897
3,253.876,1.80862,1.81767,1.64991,0.42579,0.5362,0.44918,0.19674,1.96983,1.81267,1.7688,0.000991991,0.000991991,0.00118467
4,327.2,1.8174,1.79772,1.65763,0.44863,0.54318,0.45115,0.20301,1.95822,1.78703,1.75183,0.000986323,0.000986323,0.000986323
