epoch,time,train/box_loss,train/cls_loss,train/dfl_loss,metrics/precision(B),metrics/recall(B),metrics/mAP50(B),metrics/mAP50-95(B),val/box_loss,val/cls_loss,val/dfl_loss,lr/pg0,lr/pg1,lr/pg2
1,33.1046,2.06514,2.65926,1.64521,0.29783,0.33741,0.2055,0.08044,2.09257,2.46414,1.74753,0.000331407,0.000331407,0.0671908
2,63.864,1.89263,1.92114,1.47555,0.39981,0.51524,0.40656,0.16098,2.04549,1.83514,1.59667,0.000663726,0.000663726,0.0341897
3,93.4759,1.86772,1.82615,1.45334,0.39862,0.53436,0.41962,0.18217,1.97266,1.7778,1.51058,0.000991991,0.000991991,0.00118467
4,123.574,1.83474,1.77957,1.43628,0.43318,0.53517,0.432,0.18301,1.97678,1.77704,1.5388,0.000986323,0.000986323,0.000986323
