epoch,time,train/box_loss,train/cls_loss,train/dfl_loss,metrics/precision(B),metrics/recall(B),metrics/mAP50(B),metrics/mAP50-95(B),val/box_loss,val/cls_loss,val/dfl_loss,lr/pg0,lr/pg1,lr/pg2
1,54.0087,1.99908,2.20604,1.57054,0.32196,0.52221,0.37339,0.14597,2.03851,2.43644,1.61401,0.000331407,0.000331407,0.0671908
2,90.2916,1.87521,1.81077,1.46567,0.35236,0.50447,0.37627,0.14907,2.09414,2.01082,1.67374,0.000663726,0.000663726,0.0341897
