run_id,phase,model,imgsz,seed,batch,lr0,aug,data_fraction,epochs_completed,map50,map50_95,map75,precision,recall,map50_B1,map50_B2,map50_B3,map50_B4,map50_95_B1,map50_95_B2,map50_95_B3,map50_95_B4,b2_b3_confusion,b3_b4_confusion,b4_precision,b4_recall,time_minutes,vram_gb,status
p0b_res1024_s0,0B,yolo11s.pt,1024,0,16,0.001,medium,1.0,,0.557578,0.264254,0.208765,0.521053,0.633668,0.822414,0.420993,0.586492,0.400414,0.438310,0.206475,0.262994,0.149237,,,0.442848,0.440433,,,ok
p0b_res640_s0,0B,yolo11s.pt,640,0,16,0.001,medium,1.0,,0.541649,0.252667,0.193974,0.501962,0.608713,0.814996,0.418150,0.568643,0.364806,0.424874,0.198980,0.254047,0.132768,,,0.420659,0.404992,,,ok
p0b_res640_s42,0B,yolo11s.pt,640,42,16,0.001,medium,1.0,,0.549605,0.259830,0.214847,0.501167,0.642793,0.821354,0.416349,0.584522,0.376194,0.437691,0.203286,0.261881,0.136463,,,0.432066,0.425993,,,ok
p1b_yolov8n_s0,1B,yolov8n.pt,640,0,16,0.001,medium,1.0,,0.539768,0.247909,0.192897,0.485996,0.631303,0.825926,0.408338,0.569017,0.355791,0.415358,0.194641,0.249684,0.131954,,,0.423063,0.370617,,,ok
p1b_yolov8n_s42,1B,yolov8n.pt,640,42,16,0.001,medium,1.0,,0.540523,0.249271,0.189960,0.486669,0.643079,0.808753,0.424025,0.573958,0.355358,0.409813,0.205093,0.253231,0.128947,,,0.382069,0.471119,,,ok
p1b_yolov8s_s0,1B,yolov8s.pt,640,0,16,0.001,medium,1.0,,0.544732,0.251826,0.193697,0.507658,0.622496,0.830656,0.409415,0.567889,0.370969,0.425288,0.193516,0.250172,0.138330,,,0.421785,0.440433,,,ok
p1b_yolov8s_s42,1B,yolov8s.pt,640,42,16,0.001,medium,1.0,,0.546351,0.258632,0.212122,0.506729,0.619263,0.826245,0.425298,0.569870,0.363990,0.422127,0.209973,0.257718,0.144709,,,0.436699,0.368231,,,ok
